2026-05-05T19:00:55+00:00,submissions/dreamplace_pipeline_placer.py,ibm01,ok,0,44,proxy=1.3125  (wl=0.120 den=0.608 cong=1.778)  VALID  [39.19s]
2026-05-05T19:01:58+00:00,submissions/dreamplace_pipeline_placer.py,ibm02,ok,0,63,proxy=2.1389  (wl=0.144 den=0.544 cong=3.446)  VALID  [55.44s]
2026-05-05T19:02:28+00:00,submissions/dreamplace_pipeline_placer.py,ibm03,ok,0,30,proxy=1.3255  (wl=0.079 den=0.732 cong=1.760)  INVALID (61 overlaps)  [23.40s]
2026-05-05T19:03:27+00:00,submissions/dreamplace_pipeline_placer.py,ibm04,ok,0,59,proxy=1.9441  (wl=0.142 den=0.694 cong=2.911)  VALID  [50.95s]
2026-05-05T19:03:58+00:00,submissions/dreamplace_pipeline_placer.py,ibm06,ok,0,31,proxy=1.6577  (wl=0.064 den=0.722 cong=2.467)  INVALID (47 overlaps)  [23.54s]
2026-05-05T19:05:19+00:00,submissions/dreamplace_pipeline_placer.py,ibm07,ok,0,81,proxy=1.9236  (wl=0.110 den=0.735 cong=2.892)  VALID  [68.61s]
2026-05-05T19:06:04+00:00,submissions/dreamplace_pipeline_placer.py,ibm08,ok,0,45,proxy=1.4664  (wl=0.068 den=0.816 cong=1.980)  INVALID (86 overlaps)  [31.64s]
2026-05-05T19:06:39+00:00,submissions/dreamplace_pipeline_placer.py,ibm09,ok,0,35,proxy=1.1126  (wl=0.057 den=0.836 cong=1.275)  INVALID (101 overlaps)  [24.89s]
2026-05-05T19:07:42+00:00,submissions/dreamplace_pipeline_placer.py,ibm10,ok,0,63,proxy=1.3397  (wl=0.070 den=0.668 cong=1.870)  INVALID (74 overlaps)  [15.13s]
2026-05-05T19:08:21+00:00,submissions/dreamplace_pipeline_placer.py,ibm11,ok,0,39,proxy=1.2141  (wl=0.054 den=0.862 cong=1.458)  INVALID (129 overlaps)  [23.78s]
2026-05-05T19:09:23+00:00,submissions/dreamplace_pipeline_placer.py,ibm12,ok,0,62,proxy=1.6251  (wl=0.059 den=0.767 cong=2.365)  INVALID (187 overlaps)  [14.44s]
2026-05-05T19:10:06+00:00,submissions/dreamplace_pipeline_placer.py,ibm13,ok,0,43,proxy=1.3854  (wl=0.054 den=0.891 cong=1.773)  INVALID (180 overlaps)  [24.25s]
2026-05-05T19:11:18+00:00,submissions/dreamplace_pipeline_placer.py,ibm14,ok,0,72,proxy=1.5938  (wl=0.052 den=0.964 cong=2.120)  INVALID (189 overlaps)  [14.78s]
2026-05-05T19:12:17+00:00,submissions/dreamplace_pipeline_placer.py,ibm15,ok,0,59,proxy=1.6033  (wl=0.058 den=0.930 cong=2.160)  INVALID (165 overlaps)  [25.15s]
